employee_id,employee_name,hire_date
1,Aurora Carvalho,2024-07-30
2,Marcos Vinicius Castro,2018-11-13
3,Benício Peixoto,2017-06-06
4,Dr. José Pedro Gomes,2021-06-22
5,João Lucas Carvalho,2025-08-28
6,José Pedro Moura,2024-05-17
7,João Gabriel Viana,2017-06-20
8,Juan Alves,2022-05-07
9,Lorenzo Rodrigues,2020-01-26
10,Mariane Souza,2021-10-30
11,Luan Nogueira,2023-07-20
12,Lorena Aparecida,2018-03-02
13,Aylla Porto,2025-08-21
14,Maria Clara Cassiano,2023-02-24
15,Maria Flor Campos,2024-07-10
16,Breno Azevedo,2018-02-23
17,Benício Peixoto,2016-12-14
18,José Pedro Rodrigues,2019-01-15
19,Sra. Esther Correia,2021-04-01
20,José Ribeiro,2024-04-23
21,Sra. Sophie Marques,2022-05-06
22,Pietro Viana,2022-02-23
23,Caleb Nunes,2024-01-17
24,Luna Carvalho,2020-01-19
25,Gabrielly Santos,2026-06-14
26,Kamilly Nunes,2019-04-27
27,Benício Vasconcelos,2024-02-15
28,João Miguel Melo,2016-08-06
29,Ana Vitória Brito,2026-06-02
30,Lucas da Mota,2026-01-10
31,Sra. Isabella Gonçalves,2020-12-31
32,Pietro Sá,2018-11-16
33,Apollo Duarte,2020-01-23
34,Cauê Casa Grande,2019-04-18
35,Renan Rios,2024-08-11
36,Maria Luísa Fernandes,2023-07-28
37,Maria Helena Camargo,2020-12-27
38,Pietro Barros,2022-08-18
39,Ana Sophia Alves,2021-10-07
40,João Felipe Monteiro,2023-10-04
41,José Miguel Correia,2024-09-20
42,Igor Marques,2019-12-07
43,Sra. Fernanda Gonçalves,2016-08-12
44,Francisco Caldeira,2022-08-13
45,Sr. João Almeida,2019-06-11
46,Lorena Dias,2026-02-27
47,Gabrielly Pastor,2023-02-23
48,Luísa Freitas,2020-10-27
49,Mariah Silveira,2025-11-12
50,João Pedro Gonçalves,2018-11-25
51,Sr. Lucas Gabriel Souza,2020-03-22
52,Marcela Carvalho,2022-04-28
53,Paulo Vasconcelos,2024-12-28
54,Lara Caldeira,2024-04-29
55,Dr. Théo Guerra,2018-10-17
56,Ravy Sales,2019-03-16
57,Otto Ramos,2021-12-18
58,Hellena Abreu,2023-01-28
59,Maria Liz Vargas,2019-11-06
60,Nicole Rodrigues,2020-08-07
61,Nicolas da Mota,2018-04-25
62,Heloísa Silva,2019-06-13
63,João Vitor da Paz,2023-08-25
64,José Pedro da Mota,2021-06-17
65,Maria Sophia Carvalho,2017-03-06
66,Sra. Luana Costela,2024-08-30
67,Dr. José Câmara,2025-12-05
68,Noah Sales,2016-10-01
69,Juan Costa,2016-06-21
70,Jade Rios,2018-10-15
71,Gael Henrique Almeida,2020-02-01
72,Srta. Isabela Moura,2020-03-22
73,Aurora Moreira,2024-05-09
74,Ester Silveira,2026-05-02
75,Dra. Natália Fernandes,2019-04-20
76,Dr. Davi Luiz Costa,2020-03-05
77,Sr. Luiz Henrique Nunes,2021-08-01
78,Paulo Teixeira,2021-03-14
79,Otávio Lopes,2017-10-05
80,Juan Machado,2017-12-02
81,Sophia Costa,2020-06-12
82,Otávio da Costa,2025-12-31
83,Calebe Vargas,2025-04-19
84,Maria Helena Pacheco,2021-04-19
85,Ana Clara Martins,2024-03-26
86,Ana Luiza Lopes,2022-01-05
87,Ana Sophia Monteiro,2019-05-18
88,Antonella Siqueira,2021-07-13
89,Dra. Maria Melo,2018-04-27
90,Maria Fogaça,2021-04-14
91,Dr. Cauê Ramos,2018-07-03
92,Sra. Ana Castro,2017-03-31
93,Sr. Apollo Campos,2019-05-24
94,Samuel Moraes,2017-05-26
95,Heitor Cirino,2019-02-18
96,Dr. Pietro Viana,2022-04-14
97,Kevin da Paz,2025-02-15
98,Augusto Farias,2018-03-18
99,Sra. Stephany da Luz,2022-05-06
100,Ísis Vieira,2024-12-16
101,Maria Júlia Martins,2017-12-31
102,Diego Vieira,2024-05-31
103,Luiz Miguel Sá,2025-05-20
104,Sr. Davi Luiz Casa Grande,2022-06-25
105,Miguel Camargo,2024-09-30
106,Igor Aragão,2016-08-15
107,Maria Fernanda Ribeiro,2020-02-25
108,Mathias Cavalcanti,2024-12-30
109,Clarice da Luz,2022-08-07
110,Lunna Mendes,2019-03-07
111,Gustavo da Rocha,2017-04-13
112,Milena Camargo,2021-05-14
113,Marcos Vinicius Barbosa,2024-08-23
114,Cecilia Cunha,2016-10-16
115,Luísa Azevedo,2022-05-09
116,Pedro Miguel Ramos,2026-06-09
117,Asafe Pastor,2025-09-10
118,João Lucas Mendes,2021-05-30
119,Luiz Miguel Rezende,2025-04-13
120,Maria Flor Araújo,2018-11-16
121,Augusto Mendes,2023-07-27
122,Ana Beatriz da Cunha,2017-10-12
123,Henrique Lima,2025-10-12
124,Francisco Teixeira,2024-01-02
125,Anthony Gabriel Almeida,2019-09-15
126,Agatha Borges,2026-01-26
127,Arthur Miguel Rocha,2023-05-19
128,José Pedro Ramos,2026-04-08
129,Manuela Melo,2023-10-26
130,Ian da Cruz,2022-10-13
131,Gustavo Ribeiro,2020-11-16
132,Gustavo Henrique da Luz,2018-09-01
133,Léo da Costa,2020-02-05
134,Srta. Ana Carolina Novaes,2017-05-05
135,Fernanda Araújo,2023-02-07
136,Dr. Ravy Duarte,2021-11-29
137,Isaac Araújo,2024-08-24
138,Agatha Cardoso,2024-12-12
139,Luana Sá,2021-12-01
140,Felipe Lopes,2024-11-29
141,Rafael da Mata,2018-07-22
142,Ravi Fernandes,2024-09-27
143,Isabel Ribeiro,2018-02-20
144,Vinícius Teixeira,2024-09-24
145,Leonardo Fernandes,2018-10-17
146,Catarina Cavalcanti,2023-07-05
147,Henry Gabriel Ferreira,2026-04-16
148,Leandro Porto,2019-02-16
149,Marina da Mata,2025-10-29
150,Alexia da Luz,2017-02-23
151,Nicolas Vieira,2017-09-06
152,Luigi Viana,2018-11-11
153,Sofia Araújo,2019-01-31
154,Davi Lucas Vieira,2025-05-20
155,Dra. Catarina Campos,2016-11-11
156,Asafe Pinto,2024-07-29
157,Maria Liz Vargas,2025-07-07
158,Isabella Siqueira,2017-11-19
159,Davi Luiz Cavalcanti,2025-10-15
160,Lavínia Jesus,2016-08-25
161,Zoe Fonseca,2023-06-26
162,Joana Borges,2022-01-06
163,Emanuelly Cardoso,2019-01-12
164,Sr. Pietro Mendes,2021-01-08
165,Luísa Borges,2020-09-10
166,Dr. Thales Aragão,2025-06-04
167,Marcos Vinicius Mendes,2023-08-19
168,Gabriel Vasconcelos,2022-11-08
169,Srta. Luana Carvalho,2022-08-06
170,Srta. Kamilly Cavalcanti,2025-02-07
171,Alice da Mota,2023-11-26
172,Lucas Gabriel Aragão,2018-10-30
173,Ana Lívia Pacheco,2023-04-05
174,Sr. João Felipe da Costa,2018-02-14
175,Srta. Isabella Sá,2020-04-23
176,Liam da Paz,2026-05-20
177,Sra. Marcela Porto,2022-09-24
178,Marcelo Sousa,2025-04-18
179,João Felipe Freitas,2018-08-25
180,Sr. Leonardo Rodrigues,2016-08-03
181,Srta. Camila Sá,2016-07-03
182,Maria Alice Novaes,2024-06-28
183,Sr. Caio Gomes,2019-01-27
184,Olívia Cardoso,2023-10-27
185,Heloísa Cirino,2020-11-01
186,Catarina Cirino,2020-10-26
187,João Gabriel Novais,2024-09-19
188,Calebe Nunes,2025-02-24
189,Levi Castro,2024-01-31
190,Srta. Laura Ramos,2020-09-27
191,Evelyn Ribeiro,2023-03-05
192,Vitória Monteiro,2017-03-09
193,Alexia da Mota,2025-06-23
194,Yasmin Porto,2017-09-24
195,Miguel Leão,2019-12-21
196,Guilherme Castro,2025-01-29
197,Nina Rodrigues,2022-10-19
198,Julia Oliveira,2026-03-18
199,Sr. Thales Lima,2026-06-01
200,Caleb Borges,2020-01-20
201,Vitor Hugo Caldeira,2022-09-17
202,Vitória Campos,2017-12-31
203,Otávio Sousa,2017-06-08
204,Alícia Azevedo,2024-07-29
205,Sr. Gustavo Henrique Novaes,2017-03-22
206,Manuella Santos,2020-02-27
207,Sra. Catarina Fernandes,2026-01-23
208,Srta. Maria Julia da Costa,2026-05-30
209,Maria Fernanda Gomes,2017-01-26
210,Benjamin Câmara,2020-11-18
211,Srta. Sophia Novaes,2026-05-19
212,Dr. Kaique da Conceição,2021-06-04
213,Sra. Stephany Borges,2024-01-10
214,Marcos Vinicius Cardoso,2019-09-05
215,Isis Câmara,2021-10-13
216,Mateus Abreu,2017-04-26
217,Dra. Melina Alves,2020-01-03
218,Maria Júlia Dias,2022-08-30
219,Helena Cavalcanti,2024-12-10
220,Ana Cecília Cassiano,2021-11-04
221,Rhavi Gomes,2019-02-03
222,Dra. Antonella Campos,2022-01-21
223,Laura Novaes,2019-08-08
224,Thomas Almeida,2024-04-14
225,Maysa Viana,2018-06-14
226,Cecilia Farias,2020-03-09
227,Enzo Gabriel Cassiano,2017-09-16
228,Ana Júlia Nunes,2019-08-10
229,João da Mata,2018-04-16
230,Ravi Melo,2024-06-18
231,Maitê Silveira,2024-09-08
232,Mariane Borges,2022-08-17
233,Igor Moura,2025-08-28
234,Joana Moura,2023-02-27
235,Dr. Lorenzo Mendes,2026-05-06
236,Emanuelly Melo,2018-03-29
237,Cecília Teixeira,2019-11-05
238,Yasmin Guerra,2022-09-13
239,Gustavo Henrique Alves,2023-11-04
240,Alice Lopes,2016-06-22
241,Nina Moraes,2017-04-19
242,Davi Andrade,2020-01-31
243,Nina Moraes,2025-07-01
244,Pedro Henrique Oliveira,2020-05-17
245,Dr. Emanuel Vargas,2023-04-12
246,Lunna Pires,2019-01-30
247,Ísis Câmara,2020-02-20
248,Miguel Brito,2023-04-24
249,Dr. Dom da Costa,2022-12-31
250,Rebeca Cavalcante,2024-05-16
251,Maria Fernanda Costa,2024-09-30
252,Sra. Jade da Conceição,2022-11-15
253,Ana Liz Teixeira,2022-02-07
254,Davi Lucca Leão,2022-04-20
255,Yuri Almeida,2019-08-25
256,Dr. José Miguel Macedo,2024-04-18
257,Yasmin Novaes,2020-01-04
258,Mariah Vasconcelos,2022-12-04
259,Yan Jesus,2019-07-10
260,Dra. Sofia Gonçalves,2020-11-16
261,Davi Luiz Jesus,2025-12-16
262,Isabella Cassiano,2023-01-26
263,Antônio Barros,2018-08-27
264,Maria Isis Lopes,2022-05-25
265,Maria Eduarda Nunes,2024-10-07
266,Yuri Teixeira,2018-04-21
267,Isis Castro,2017-07-19
268,Dr. Gustavo Henrique Mendes,2017-11-27
269,Luiz Fernando da Paz,2022-12-03
270,Dr. Benício Silveira,2018-02-16
271,Rhavi da Conceição,2025-08-15
272,Brenda da Luz,2023-05-16
273,Vinícius Cavalcante,2021-12-20
274,Ravy Dias,2021-10-06
275,Anna Liz Pires,2023-09-18
276,Ryan Barbosa,2021-02-21
277,Amanda da Mata,2020-03-31
278,Josué Araújo,2026-03-02
279,Srta. Rafaela Rezende,2023-07-26
280,Dra. Beatriz Araújo,2023-01-26
281,Francisco Brito,2016-07-28
282,Renan Mendes,2020-03-29
283,Sr. Bernardo da Costa,2024-08-24
284,Hellena Farias,2017-10-08
285,Pietro Guerra,2026-01-17
286,Danilo Abreu,2023-06-14
287,Dr. Otávio Cirino,2016-08-23
288,Luiz Miguel Marques,2025-11-18
289,Brayan Silva,2016-10-02
290,Dra. Ana Laura das Neves,2016-10-12
291,Isabella Pimenta,2022-04-28
292,Luiz Henrique Campos,2019-02-22
293,Dom Nunes,2025-11-29
294,Leonardo Correia,2024-04-11
295,Srta. Gabriela da Rosa,2022-06-29
296,Luísa da Conceição,2024-02-13
297,Kevin Andrade,2020-05-30
298,Maitê Martins,2017-04-14
299,Maria Clara Cavalcanti,2021-07-31
300,Zoe Souza,2025-08-12
301,Vicente Ferreira,2019-04-30
302,Kaique Pires,2018-07-01
303,Dra. Maria Luísa Barros,2026-01-12
304,Ana Clara Farias,2017-01-20
305,Isis Cardoso,2025-05-23
306,Dra. Maria Julia Caldeira,2023-07-09
307,Yasmin Teixeira,2017-09-02
308,Benício Alves,2024-06-19
309,Ana Vitória Melo,2020-02-14
310,Sr. Rodrigo Vasconcelos,2019-07-26
311,Rhavi Fogaça,2020-02-13
312,Eduardo Albuquerque,2025-10-31
313,Sarah Monteiro,2024-11-14
314,Hadassa Cassiano,2019-08-12
315,Noah Moura,2023-06-22
316,Maria Isis Farias,2019-06-27
317,Dra. Lorena Porto,2020-06-22
318,Larissa Almeida,2025-05-27
319,Isabela Viana,2025-10-23
320,Luiz Miguel Fogaça,2019-11-13
321,Mariana Dias,2024-02-07
322,Luiz Felipe Moura,2020-01-25
323,Maya Cardoso,2025-09-26
324,Srta. Bella Azevedo,2025-05-08
325,Zoe Guerra,2020-09-15
326,Maria Eduarda Moura,2017-01-20
327,Gustavo Gomes,2021-01-26
328,Dr. Leandro Duarte,2024-12-31
329,Sr. Cauã Pinto,2020-11-09
330,Luiz Gustavo Pimenta,2021-08-23
331,Srta. Melissa da Luz,2018-03-15
332,Yasmin da Costa,2022-05-27
333,Ana Vitória Mendes,2017-12-18
334,Nina Dias,2025-01-15
335,Manuela Novaes,2024-09-26
336,Cauã Rezende,2019-04-24
337,Arthur Miguel Pimenta,2024-06-20
338,Yan Mendonça,2017-02-09
339,Pietra Novaes,2021-12-12
340,Hellena da Cruz,2018-08-02
341,Yuri Cunha,2026-05-10
342,Maria Eduarda Costela,2020-11-22
343,Otto Santos,2025-03-15
344,Miguel Monteiro,2021-07-15
345,Paulo da Conceição,2025-04-19
346,Gael Campos,2023-01-26
347,Luna Ferreira,2019-10-01
348,Anthony Araújo,2021-01-15
349,Benjamin Cunha,2024-11-21
350,Davi Luiz Castro,2024-12-13
351,Lucas Gabriel Mendonça,2017-10-02
352,Maria Sophia Novaes,2018-09-06
353,Laura Silva,2018-05-14
354,Ana Lívia Costela,2018-06-25
355,Maria Isis Cirino,2023-05-16
356,Mateus Cunha,2021-07-06
357,Sra. Bruna Fonseca,2022-07-09
358,Srta. Ana Clara Pinto,2026-01-30
359,Ana Laura Monteiro,2026-06-16
360,Luan Alves,2022-05-25
361,Sr. João Guilherme da Mota,2024-10-24
362,Ester Oliveira,2025-08-17
363,Marcos Vinicius da Cruz,2018-08-09
364,Felipe Silva,2018-05-11
365,Vinícius Oliveira,2026-02-19
366,Arthur Barbosa,2023-04-18
367,Hellena Lopes,2017-04-30
368,Lavínia Caldeira,2021-04-24
369,Maria Luiza Souza,2025-07-21
370,Manuella Andrade,2024-06-01
371,Levi Gonçalves,2025-10-09
372,Anna Liz Moura,2023-11-25
373,Maria Vitória da Luz,2026-05-11
374,Daniela Rios,2023-02-05
375,Beatriz Cardoso,2026-05-22
376,Theo Almeida,2020-04-01
377,Isaque da Mota,2019-08-26
378,Hellena Garcia,2024-12-01
379,André Moura,2023-07-05
380,Evelyn da Luz,2016-10-02
381,Beatriz da Conceição,2019-02-26
382,Yuri Andrade,2020-12-20
383,Otto Pimenta,2018-03-18
384,Helena Garcia,2020-04-05
385,João Felipe Abreu,2022-08-28
386,Maria Vitória da Mota,2018-07-12
387,Maria Laura Costela,2020-02-14
388,Isadora Vieira,2021-06-12
389,Rodrigo Rocha,2023-01-26
390,Gustavo Henrique Andrade,2016-07-04
391,Maria Helena Pacheco,2024-09-09
392,Nina Mendonça,2022-03-29
393,João Felipe Sousa,2018-11-23
394,Josué Ribeiro,2019-05-10
395,Diego das Neves,2017-09-07
396,Dr. Pietro Oliveira,2023-03-28
397,Ana Carolina Pimenta,2022-11-29
398,Leandro Sá,2023-08-04
399,Maya Moraes,2025-05-12
400,Otto Fogaça,2023-11-02
401,Isabela Sá,2020-05-02
402,Sr. Nathan Barbosa,2021-03-05
403,Vitor Hugo Montenegro,2021-12-10
404,Sr. Ravy Siqueira,2018-05-23
405,Olivia Lopes,2021-09-12
406,Eloah Camargo,2017-10-14
407,Apollo Viana,2020-07-16
408,Rafaela Nascimento,2025-03-05
409,Josué Caldeira,2017-08-29
410,Luiz Miguel Ribeiro,2024-04-26
411,Gustavo Henrique Farias,2019-04-14
412,Calebe Rezende,2016-09-04
413,Catarina Sampaio,2025-08-08
414,Rebeca Cassiano,2019-12-12
415,Emanuella Moreira,2018-05-16
416,Isabel Melo,2023-11-12
417,Bruna Pimenta,2019-10-30
418,Benjamim Peixoto,2022-04-18
419,Gabriela Albuquerque,2018-12-13
420,Carolina Rios,2018-01-25
421,Sophia Macedo,2022-02-07
422,Bernardo Cavalcante,2023-05-08
423,Lívia Rios,2023-10-13
424,Cecilia Fogaça,2022-08-30
425,Sr. Gabriel Marques,2021-07-13
426,Isaac Carvalho,2022-01-22
427,Luiz Miguel Pereira,2020-06-23
428,Rafaela Ferreira,2022-05-08
429,Noah da Mata,2022-06-03
430,Pedro Miguel Moura,2024-11-16
431,Sr. Kevin Cavalcanti,2017-07-19
432,Ayla Sousa,2018-03-20
433,Allana Araújo,2017-02-05
434,Arthur Fogaça,2020-08-08
435,Caio Souza,2018-12-24
436,Anthony Pastor,2023-04-04
437,Sr. Valentim Mendes,2022-10-11
438,Sophie Rocha,2025-11-28
439,Agatha da Mata,2024-12-19
440,Isabel Nogueira,2016-09-27
441,Henry Fogaça,2020-02-23
442,Rael Gonçalves,2018-06-07
443,Beatriz Pacheco,2021-03-10
444,Isabella Rezende,2018-10-20
445,Vitor Gabriel Rodrigues,2021-08-16
446,Calebe Moreira,2023-07-03
447,Arthur da Mota,2021-06-14
448,Ana Carolina Silveira,2016-07-12
449,Igor Silva,2018-07-14
450,Alexia Sá,2017-08-06
451,Maria Júlia Martins,2025-11-01
452,Maria Marques,2023-06-24
453,Ester Duarte,2019-09-15
454,Bianca Moraes,2022-09-02
455,Marcela Fogaça,2025-02-07
456,Sra. Caroline Marques,2023-04-05
457,Nicole Marques,2023-06-12
458,Isaac Moura,2020-09-06
459,Rafaela Vieira,2018-07-24
460,Ravi Sales,2024-03-29
461,Lavínia Pires,2025-02-06
462,Valentina Pires,2020-07-11
463,Maitê Barros,2020-10-28
464,Dr. Breno Macedo,2022-01-29
465,Dr. Davi Lucca Duarte,2019-01-06
466,Asafe Lopes,2023-05-31
467,Calebe Pires,2025-08-12
468,Julia Azevedo,2018-02-02
469,Sra. Sabrina Camargo,2018-12-12
470,Giovanna Gomes,2018-09-30
471,Srta. Allana da Rosa,2020-10-04
472,Dra. Ana Luiza das Neves,2024-09-10
473,Ana Laura Nunes,2018-04-06
474,Pedro Henrique Mendonça,2024-07-16
475,Júlia Sales,2025-03-17
476,Lucas Gabriel Aparecida,2017-10-07
477,Alexia Moraes,2019-06-06
478,Maysa Azevedo,2020-11-20
479,Luiz Felipe Almeida,2020-04-05
480,Bianca Fonseca,2021-07-22
481,Sr. Vicente Moura,2024-07-08
482,Henry Sampaio,2018-04-17
483,Luiz Gustavo Gonçalves,2020-05-02
484,Paulo Sá,2022-04-13
485,Yuri Brito,2024-06-18
486,Dr. Apollo Duarte,2018-06-29
487,Henry Gabriel Brito,2026-04-07
488,Gabrielly Moura,2022-04-19
489,Maria Flor Pires,2020-05-20
490,Dr. Cauã Barbosa,2025-12-08
491,José Pedro Rios,2023-01-12
492,Maria Cecília Carvalho,2026-02-04
493,Maria Laura Aragão,2017-07-10
494,Cecilia Cirino,2017-06-12
495,Srta. Alexia Novais,2022-01-02
496,Luiz Otávio Fonseca,2024-10-26
497,Srta. Larissa Santos,2025-06-05
498,Melissa Novaes,2021-01-12
499,Yasmin Castro,2019-09-10
500,Dra. Olivia Camargo,2023-01-11
